"filename", "language", "C++", "Python", "HTML", "Markdown", "Makefile", "Shell Script", "JSON", "XML", "comment", "blank", "total"
"d:\codes\c++\Rein-Bits\BIOP\.idea\BIOP.iml", "XML", 0, 0, 0, 0, 0, 0, 0, 2, 0, 0, 2
"d:\codes\c++\Rein-Bits\BIOP\.idea\encodings.xml", "XML", 0, 0, 0, 0, 0, 0, 0, 7, 0, 0, 7
"d:\codes\c++\Rein-Bits\BIOP\.idea\misc.xml", "XML", 0, 0, 0, 0, 0, 0, 0, 4, 0, 0, 4
"d:\codes\c++\Rein-Bits\BIOP\.idea\modules.xml", "XML", 0, 0, 0, 0, 0, 0, 0, 8, 0, 0, 8
"d:\codes\c++\Rein-Bits\BIOP\.idea\vcs.xml", "XML", 0, 0, 0, 0, 0, 0, 0, 6, 0, 0, 6
"d:\codes\c++\Rein-Bits\BIOP\BIOP.cpp", "C++", 184, 0, 0, 0, 0, 0, 0, 0, 159, 31, 374
"d:\codes\c++\Rein-Bits\BIOP\BIOP.h", "C++", 35, 0, 0, 0, 0, 0, 0, 0, 7, 7, 49
"d:\codes\c++\Rein-Bits\BIOP\BIOP1.cpp", "C++", 276, 0, 0, 0, 0, 0, 0, 0, 44, 33, 353
"d:\codes\c++\Rein-Bits\BIOP\BIOP1.h", "C++", 36, 0, 0, 0, 0, 0, 0, 0, 7, 7, 50
"d:\codes\c++\Rein-Bits\BIOP\BIOP2.cpp", "C++", 327, 0, 0, 0, 0, 0, 0, 0, 165, 34, 526
"d:\codes\c++\Rein-Bits\BIOP\BIOP2.h", "C++", 37, 0, 0, 0, 0, 0, 0, 0, 6, 7, 50
"d:\codes\c++\Rein-Bits\BIOP\BIOP3.cpp", "C++", 267, 0, 0, 0, 0, 0, 0, 0, 36, 33, 336
"d:\codes\c++\Rein-Bits\BIOP\BIOP3.h", "C++", 36, 0, 0, 0, 0, 0, 0, 0, 6, 7, 49
"d:\codes\c++\Rein-Bits\BIOP\BIOP4.cpp", "C++", 387, 0, 0, 0, 0, 0, 0, 0, 53, 38, 478
"d:\codes\c++\Rein-Bits\BIOP\BIOP4.h", "C++", 37, 0, 0, 0, 0, 0, 0, 0, 6, 8, 51
"d:\codes\c++\Rein-Bits\BIOP\BIOP5.cpp", "C++", 399, 0, 0, 0, 0, 0, 0, 0, 59, 42, 500
"d:\codes\c++\Rein-Bits\BIOP\BIOP5.h", "C++", 38, 0, 0, 0, 0, 0, 0, 0, 6, 8, 52
"d:\codes\c++\Rein-Bits\BIOP\BIOPSC.cpp", "C++", 425, 0, 0, 0, 0, 0, 0, 0, 67, 44, 536
"d:\codes\c++\Rein-Bits\BIOP\BIOPSC.h", "C++", 37, 0, 0, 0, 0, 0, 0, 0, 8, 8, 53
"d:\codes\c++\Rein-Bits\BIOP\BIOPSR.cpp", "C++", 165, 0, 0, 0, 0, 0, 0, 0, 25, 24, 214
"d:\codes\c++\Rein-Bits\BIOP\BIOPSR.h", "C++", 38, 0, 0, 0, 0, 0, 0, 0, 10, 7, 55
"d:\codes\c++\Rein-Bits\BIOP\Makefile", "Makefile", 0, 0, 0, 0, 352, 0, 0, 0, 88, 189, 629
"d:\codes\c++\Rein-Bits\BIOP\README.md", "Markdown", 0, 0, 0, 13, 0, 0, 0, 0, 0, 4, 17
"d:\codes\c++\Rein-Bits\BIOP\Rein.cpp", "C++", 83, 0, 0, 0, 0, 0, 0, 0, 92, 11, 186
"d:\codes\c++\Rein-Bits\BIOP\Rein.h", "C++", 30, 0, 0, 0, 0, 0, 0, 0, 37, 9, 76
"d:\codes\c++\Rein-Bits\BIOP\build\.cmake\api\v1\query\client-vscode\query.json", "JSON", 0, 0, 0, 0, 0, 0, 1, 0, 0, 0, 1
"d:\codes\c++\Rein-Bits\BIOP\build\.cmake\api\v1\reply\cache-v2-39d0d0c88fb01e10c680.json", "JSON", 0, 0, 0, 0, 0, 0, 1099, 0, 0, 1, 1100
"d:\codes\c++\Rein-Bits\BIOP\build\.cmake\api\v1\reply\codemodel-v2-86f80c09d350414e5507.json", "JSON", 0, 0, 0, 0, 0, 0, 60, 0, 0, 1, 61
"d:\codes\c++\Rein-Bits\BIOP\build\.cmake\api\v1\reply\directory-.-Debug-d0094a50bb2071803777.json", "JSON", 0, 0, 0, 0, 0, 0, 14, 0, 0, 1, 15
"d:\codes\c++\Rein-Bits\BIOP\build\.cmake\api\v1\reply\index-2021-08-28T17-26-37-0908.json", "JSON", 0, 0, 0, 0, 0, 0, 110, 0, 0, 1, 111
"d:\codes\c++\Rein-Bits\BIOP\build\.cmake\api\v1\reply\target-cmakeRB-Debug-e05224cbb4627421eb14.json", "JSON", 0, 0, 0, 0, 0, 0, 202, 0, 0, 1, 203
"d:\codes\c++\Rein-Bits\BIOP\build\.cmake\api\v1\reply\toolchains-v1-fed8ceede3e4bf5b0a0a.json", "JSON", 0, 0, 0, 0, 0, 0, 75, 0, 0, 1, 76
"d:\codes\c++\Rein-Bits\BIOP\build\compile_commands.json", "JSON", 0, 0, 0, 0, 0, 0, 72, 0, 0, 0, 72
"d:\codes\c++\Rein-Bits\BIOP\chrono_time.h", "C++", 39, 0, 0, 0, 0, 0, 0, 0, 0, 10, 49
"d:\codes\c++\Rein-Bits\BIOP\compile.sh", "Shell Script", 0, 0, 0, 0, 0, 12, 0, 0, 0, 4, 16
"d:\codes\c++\Rein-Bits\BIOP\constant.cpp", "C++", 18, 0, 0, 0, 0, 0, 0, 0, 4, 4, 26
"d:\codes\c++\Rein-Bits\BIOP\constant.h", "C++", 23, 0, 0, 0, 0, 0, 0, 0, 4, 5, 32
"d:\codes\c++\Rein-Bits\BIOP\data_structure.h", "C++", 46, 0, 0, 0, 0, 0, 0, 0, 0, 12, 58
"d:\codes\c++\Rein-Bits\BIOP\draw.py", "Python", 0, 138, 0, 0, 0, 0, 0, 0, 15, 12, 165
"d:\codes\c++\Rein-Bits\BIOP\generator.cpp", "C++", 392, 0, 0, 0, 0, 0, 0, 0, 9, 45, 446
"d:\codes\c++\Rein-Bits\BIOP\generator.h", "C++", 57, 0, 0, 0, 0, 0, 0, 0, 2, 30, 89
"d:\codes\c++\Rein-Bits\BIOP\main.cpp", "C++", 26, 0, 0, 0, 0, 0, 0, 0, 6, 7, 39
"d:\codes\c++\Rein-Bits\BIOP\match_time.html", "HTML", 0, 0, 471, 0, 0, 0, 0, 0, 0, 2, 473
"d:\codes\c++\Rein-Bits\BIOP\printer.cpp", "C++", 74, 0, 0, 0, 0, 0, 0, 0, 49, 23, 146
"d:\codes\c++\Rein-Bits\BIOP\printer.h", "C++", 21, 0, 0, 0, 0, 0, 0, 0, 3, 14, 38
"d:\codes\c++\Rein-Bits\BIOP\python_run.py", "Python", 0, 9, 0, 0, 0, 0, 0, 0, 16, 5, 30
"d:\codes\c++\Rein-Bits\BIOP\run.sh", "Shell Script", 0, 0, 0, 0, 0, 19, 0, 0, 3, 3, 25
"d:\codes\c++\Rein-Bits\BIOP\run_models.cpp", "C++", 456, 0, 0, 0, 0, 0, 0, 0, 103, 98, 657
"d:\codes\c++\Rein-Bits\BIOP\run_models.h", "C++", 24, 0, 0, 0, 0, 0, 0, 0, 1, 4, 29
"d:\codes\c++\Rein-Bits\BIOP\test.cpp", "C++", 11, 0, 0, 0, 0, 0, 0, 0, 21, 4, 36
"d:\codes\c++\Rein-Bits\BIOP\util.cpp", "C++", 406, 0, 0, 0, 0, 0, 0, 0, 36, 64, 506
"d:\codes\c++\Rein-Bits\BIOP\util.h", "C++", 44, 0, 0, 0, 0, 0, 0, 0, 0, 23, 67
"Total", "-", 4474, 147, 471, 13, 352, 31, 1633, 27, 1153, 926, 9227